{"cameraMode":{"drawMode":0,"name":"Shaded","section":"Shading Mode"},"sceneLighting":false,"audioPlay":false,"sceneViewState":{"showFog":true,"showMaterialUpdate":false,"showSkybox":false,"showFlares":true,"showImageEffects":true,"showParticleSystems":true},"in2DMode":false,"pivot":{"x":2.985714912414551,"y":1.875,"z":0.00411224365234375},"rotation":{"x":-0.1643407791852951,"y":0.1406296342611313,"z":-0.02367706596851349,"w":-0.9760463237762451},"size":21.019620895385743,"orthographic":false}