{"cameraMode":{"drawMode":0,"name":"Shaded","section":"Shading Mode"},"sceneLighting":true,"audioPlay":false,"sceneViewState":{"showFog":true,"showMaterialUpdate":false,"showSkybox":true,"showFlares":true,"showImageEffects":true,"showParticleSystems":true},"in2DMode":false,"pivot":{"x":4.38916015625,"y":5.2763671875,"z":11.23876953125},"rotation":{"x":0.41789141297340395,"y":0.2490372508764267,"z":-0.1217077448964119,"w":0.8652047514915466},"size":20.281139373779298,"orthographic":true}