{"cameraMode":{"drawMode":0,"name":"Shaded","section":"Shading Mode"},"sceneLighting":false,"audioPlay":false,"sceneViewState":{"showFog":true,"showMaterialUpdate":false,"showSkybox":false,"showFlares":true,"showImageEffects":true,"showParticleSystems":true},"in2DMode":false,"pivot":{"x":-1.1333403587341309,"y":4.076935768127441,"z":2.19499135017395},"rotation":{"x":0.1069912388920784,"y":-0.14268425107002259,"z":0.015453586354851723,"w":0.9838932752609253},"size":34.805137634277347,"orthographic":false}